Result,Address A,Size A,Address B,Size B
Match,0h,41h,0h,41h
Difference,41h,1h,41h,1h
Match,42h,7h,42h,7h
Difference,49h,1h,49h,1h
Match,4Ah,F6h,4Ah,F6h
Difference,140h,2h,140h,2h
Match,142h,6h,142h,6h
Difference,148h,1h,148h,1h
Match,149h,4h,149h,4h
Difference,14Dh,3h,14Dh,3h
Match,150h,2h,150h,2h
Only in B,,,152h,4h
Match,152h,5h,156h,5h
Difference,157h,1h,15Bh,1h
Match,158h,16h,15Ch,16h
Difference,16Eh,1h,172h,1h
Match,16Fh,Ah,173h,Ah
Difference,179h,2h,17Dh,2h
Match,17Bh,Ah,17Fh,Ah
Difference,185h,1h,189h,1h
Match,186h,5h,18Ah,5h
Difference,18Bh,1h,18Fh,1h
Match,18Ch,2h,190h,2h
Difference,18Eh,1h,192h,1h
Match,18Fh,2h,193h,2h
Difference,191h,1h,195h,1h
Match,192h,2h,196h,2h
Difference,194h,1h,198h,1h
Match,195h,1Ch,199h,1Ch
Difference,1B1h,1h,1B5h,1h
Match,1B2h,3Bh,1B6h,3Bh
Difference,1EDh,1h,1F1h,1h
Match,1EEh,22h,1F2h,22h
Difference,210h,1h,214h,1h
Match,211h,2h,215h,2h
Difference,213h,1h,217h,1h
Match,214h,Fh,218h,Fh
Difference,223h,1h,227h,1h
Match,224h,2h,228h,2h
Difference,226h,1h,22Ah,1h
Match,227h,2h,22Bh,2h
Difference,229h,1h,22Dh,1h
Match,22Ah,2h,22Eh,2h
Difference,22Ch,1h,230h,1h
Match,22Dh,2h,231h,2h
Difference,22Fh,1h,233h,1h
Match,230h,2h,234h,2h
Difference,232h,1h,236h,1h
Match,233h,2h,237h,2h
Difference,235h,1h,239h,1h
Match,236h,8h,23Ah,8h
Difference,23Eh,1h,242h,1h
Match,23Fh,9h,243h,9h
Difference,248h,1h,24Ch,1h
Match,249h,Ah,24Dh,Ah
Difference,253h,1h,257h,1h
Match,254h,1h,258h,1h
Difference,255h,1h,259h,1h
Match,256h,1h,25Ah,1h
Difference,257h,1h,25Bh,1h
Match,258h,1h,25Ch,1h
Difference,259h,1h,25Dh,1h
Match,25Ah,1h,25Eh,1h
Difference,25Bh,1h,25Fh,1h
Match,25Ch,1h,260h,1h
Difference,25Dh,1h,261h,1h
Match,25Eh,1h,262h,1h
Difference,25Fh,1h,263h,1h
Match,260h,1h,264h,1h
Difference,261h,1h,265h,1h
Match,262h,1h,266h,1h
Difference,263h,1h,267h,1h
Match,264h,1h,268h,1h
Difference,265h,1h,269h,1h
Match,266h,1h,26Ah,1h
Difference,267h,1h,26Bh,1h
Match,268h,1h,26Ch,1h
Difference,269h,1h,26Dh,1h
Match,26Ah,1h,26Eh,1h
Difference,26Bh,1h,26Fh,1h
Match,26Ch,1h,270h,1h
Difference,26Dh,1h,271h,1h
Match,26Eh,1h,272h,1h
Difference,26Fh,1h,273h,1h
Match,270h,1h,274h,1h
Difference,271h,1h,275h,1h
Match,272h,4h,276h,4h
Difference,276h,1h,27Ah,1h
Match,277h,7h,27Bh,7h
Difference,27Eh,1h,282h,1h
Match,27Fh,7h,283h,7h
Difference,286h,1h,28Ah,1h
Match,287h,7h,28Bh,7h
Difference,28Eh,1h,292h,1h
Match,28Fh,2h,293h,2h
Difference,291h,1h,295h,1h
Match,292h,4h,296h,4h
Difference,296h,1h,29Ah,1h
Match,297h,7h,29Bh,7h
Difference,29Eh,1h,2A2h,1h
Match,29Fh,2h,2A3h,2h
Difference,2A1h,1h,2A5h,1h
Match,2A2h,4h,2A6h,4h
Difference,2A6h,1h,2AAh,1h
Match,2A7h,2h,2ABh,2h
Difference,2A9h,1h,2ADh,1h
Match,2AAh,4h,2AEh,4h
Difference,2AEh,1h,2B2h,1h
Match,2AFh,7h,2B3h,7h
Difference,2B6h,1h,2BAh,1h
Match,2B7h,7h,2BBh,7h
Difference,2BEh,1h,2C2h,1h
Match,2BFh,7h,2C3h,7h
Difference,2C6h,1h,2CAh,1h
Match,2C7h,7h,2CBh,7h
Difference,2CEh,1h,2D2h,1h
Match,2CFh,7h,2D3h,7h
Difference,2D6h,1h,2DAh,1h
Match,2D7h,7h,2DBh,7h
Difference,2DEh,1h,2E2h,1h
Match,2DFh,7h,2E3h,7h
Difference,2E6h,1h,2EAh,1h
Match,2E7h,7h,2EBh,7h
Difference,2EEh,1h,2F2h,1h
Match,2EFh,6Bh,2F3h,6Bh
Difference,35Ah,1h,35Eh,1h
Match,35Bh,64h,35Fh,64h
Difference,3BFh,1h,3C3h,1h
Match,3C0h,2h,3C4h,2h
Difference,3C2h,1h,3C6h,1h
Match,3C3h,2h,3C7h,2h
Difference,3C5h,1h,3C9h,1h
Match,3C6h,2h,3CAh,2h
Difference,3C8h,1h,3CCh,1h
Match,3C9h,110h,3CDh,110h
Difference,4D9h,1h,4DDh,1h
Match,4DAh,1Dh,4DEh,1Dh
Difference,4F7h,2h,4FBh,2h
Match,4F9h,Bh,4FDh,Bh
Difference,504h,2h,508h,2h
Match,506h,14h,50Ah,14h
Difference,51Ah,2h,51Eh,2h
Match,51Ch,22h,520h,22h
Difference,53Eh,1h,542h,1h
Match,53Fh,2Bh,543h,2Bh
Difference,56Ah,1h,56Eh,1h
Match,56Bh,22h,56Fh,22h
Difference,58Dh,2h,591h,2h
Match,58Fh,Fh,593h,Fh
Difference,59Eh,2h,5A2h,2h
Match,5A0h,18h,5A4h,18h
Difference,5B8h,2h,5BCh,2h
Match,5BAh,23h,5BEh,23h
Difference,5DDh,1h,5E1h,1h
Match,5DEh,3Ah,5E2h,3Ah
Difference,618h,1h,61Ch,1h
Match,619h,15Bh,61Dh,15Bh
Difference,774h,1h,778h,1h
Match,775h,6Ah,779h,6Ah
Difference,7DFh,1h,7E3h,1h
Match,7E0h,5h,7E4h,5h
Difference,7E5h,1h,7E9h,1h
Match,7E6h,5h,7EAh,5h
Difference,7EBh,1h,7EFh,1h
Match,7ECh,4h,7F0h,4h
Difference,7F0h,1h,7F4h,1h
Match,7F1h,79h,7F5h,79h
Difference,86Ah,1h,86Eh,1h
Match,86Bh,1Eh,86Fh,1Eh
Difference,889h,1h,88Dh,1h
Match,88Ah,6Ch,88Eh,6Ch
Difference,8F6h,1h,8FAh,1h
Match,8F7h,3h,8FBh,3h
Difference,8FAh,1h,8FEh,1h
Match,8FBh,58h,8FFh,58h
Difference,953h,1h,957h,1h
Match,954h,2h,958h,2h
Difference,956h,1h,95Ah,1h
Match,957h,11h,95Bh,11h
Difference,968h,1h,96Ch,1h
Match,969h,2h,96Dh,2h
Difference,96Bh,1h,96Fh,1h
Match,96Ch,2h,970h,2h
Difference,96Eh,1h,972h,1h
Match,96Fh,2h,973h,2h
Difference,971h,1h,975h,1h
Match,972h,3h,976h,3h
Difference,975h,1h,979h,1h
Match,976h,2h,97Ah,2h
Difference,978h,1h,97Ch,1h
Match,979h,4Ah,97Dh,4Ah
Difference,9C3h,1h,9C7h,1h
Match,9C4h,51h,9C8h,51h
Difference,A15h,1h,A19h,1h
Match,A16h,8Bh,A1Ah,8Bh
Difference,AA1h,1h,AA5h,1h
Match,AA2h,2Fh,AA6h,2Fh
Difference,AD1h,1h,AD5h,1h
Match,AD2h,84h,AD6h,84h
Difference,B56h,1h,B5Ah,1h
Match,B57h,3h,B5Bh,3h
Difference,B5Ah,1h,B5Eh,1h
Match,B5Bh,5h,B5Fh,5h
Difference,B60h,1h,B64h,1h
Match,B61h,3h,B65h,3h
Difference,B64h,1h,B68h,1h
Match,B65h,Eh,B69h,Eh
Difference,B73h,1h,B77h,1h
Match,B74h,3h,B78h,3h
Difference,B77h,1h,B7Bh,1h
Match,B78h,3B8h,B7Ch,3B8h
Difference,F30h,1h,F34h,1h
Match,F31h,3h,F35h,3h
Difference,F34h,1h,F38h,1h
Match,F35h,1h,F39h,1h
Difference,F36h,1h,F3Ah,1h
Match,F37h,1h,F3Bh,1h
Difference,F38h,1h,F3Ch,1h
Match,F39h,1h,F3Dh,1h
Difference,F3Ah,1h,F3Eh,1h
Match,F3Bh,1h,F3Fh,1h
Difference,F3Ch,1h,F40h,1h
Match,F3Dh,1h,F41h,1h
Difference,F3Eh,1h,F42h,1h
Match,F3Fh,1h,F43h,1h
Difference,F40h,1h,F44h,1h
Match,F41h,1h,F45h,1h
Difference,F42h,1h,F46h,1h
Match,F43h,1h,F47h,1h
Difference,F44h,1h,F48h,1h
Match,F45h,2h,F49h,2h
Difference,F47h,1h,F4Bh,1h
Match,F48h,5h,F4Ch,5h
Difference,F4Dh,1h,F51h,1h
Match,F4Eh,2h,F52h,2h
Difference,F50h,1h,F54h,1h
Match,F51h,2h,F55h,2h
Difference,F53h,1h,F57h,1h
Match,F54h,Dh,F58h,Dh
Difference,F61h,1h,F65h,1h
Match,F62h,39h,F66h,39h
Difference,F9Bh,1h,F9Fh,1h
Match,F9Ch,18h,FA0h,18h
Difference,FB4h,1h,FB8h,1h
Match,FB5h,Dh,FB9h,Dh
Difference,FC2h,1h,FC6h,1h
Match,FC3h,9h,FC7h,9h
Difference,FCCh,1h,FD0h,1h
Match,FCDh,2h,FD1h,2h
Difference,FCFh,1h,FD3h,1h
Match,FD0h,6h,FD4h,6h
Difference,FD6h,1h,FDAh,1h
Match,FD7h,6h,FDBh,6h
Difference,FDDh,1h,FE1h,1h
Match,FDEh,Dh,FE2h,Dh
Difference,FEBh,1h,FEFh,1h
Match,FECh,Fh,FF0h,Fh
Difference,FFBh,1h,FFFh,1h
Match,FFCh,6h,1000h,6h
Difference,1002h,1h,1006h,1h
Match,1003h,Ch,1007h,Ch
Difference,100Fh,1h,1013h,1h
Match,1010h,Ch,1014h,Ch
Difference,101Ch,1h,1020h,1h
Match,101Dh,1Ch,1021h,1Ch
Difference,1039h,1h,103Dh,1h
Match,103Ah,2h,103Eh,2h
Difference,103Ch,1h,1040h,1h
Match,103Dh,11h,1041h,11h
Difference,104Eh,1h,1052h,1h
Match,104Fh,5h,1053h,5h
Difference,1054h,1h,1058h,1h
Match,1055h,6h,1059h,6h
Difference,105Bh,1h,105Fh,1h
Match,105Ch,31h,1060h,31h
Difference,108Dh,1h,1091h,1h
Match,108Eh,2h,1092h,2h
Difference,1090h,1h,1094h,1h
Match,1091h,6h,1095h,6h
Difference,1097h,1h,109Bh,1h
Match,1098h,Ch,109Ch,Ch
Difference,10A4h,1h,10A8h,1h
Match,10A5h,4h,10A9h,4h
Difference,10A9h,1h,10ADh,1h
Match,10AAh,Dh,10AEh,Dh
Difference,10B7h,1h,10BBh,1h
Match,10B8h,Ch,10BCh,Ch
Difference,10C4h,1h,10C8h,1h
Match,10C5h,Eh,10C9h,Eh
Difference,10D3h,1h,10D7h,1h
Match,10D4h,2Eh,10D8h,2Eh
Difference,1102h,1h,1106h,1h
Match,1103h,9h,1107h,9h
Difference,110Ch,1h,1110h,1h
Match,110Dh,2h,1111h,2h
Difference,110Fh,1h,1113h,1h
Match,1110h,11h,1114h,11h
Difference,1121h,1h,1125h,1h
Match,1122h,9h,1126h,9h
Difference,112Bh,1h,112Fh,1h
Match,112Ch,14h,1130h,14h
Difference,1140h,1h,1144h,1h
Match,1141h,Bh,1145h,Bh
Difference,114Ch,1h,1150h,1h
Match,114Dh,7h,1151h,7h
Difference,1154h,1h,1158h,1h
Match,1155h,3h,1159h,3h
Difference,1158h,1h,115Ch,1h
Match,1159h,Ch,115Dh,Ch
Difference,1165h,1h,1169h,1h
Match,1166h,1Eh,116Ah,1Eh
Difference,1184h,1h,1188h,1h
Match,1185h,2h,1189h,2h
Difference,1187h,1h,118Bh,1h
Match,1188h,8h,118Ch,8h
Difference,1190h,1h,1194h,1h
Match,1191h,2h,1195h,2h
Difference,1193h,1h,1197h,1h
Match,1194h,17h,1198h,17h
Difference,11ABh,1h,11AFh,1h
Match,11ACh,86h,11B0h,86h
Difference,1232h,1h,1236h,1h
Match,1233h,4h,1237h,4h
Difference,1237h,1h,123Bh,1h
Match,1238h,19h,123Ch,19h
Difference,1251h,1h,1255h,1h
Match,1252h,5h,1256h,5h
Difference,1257h,1h,125Bh,1h
Match,1258h,6h,125Ch,6h
Difference,125Eh,1h,1262h,1h
Match,125Fh,3h,1263h,3h
Difference,1262h,1h,1266h,1h
Match,1263h,2h,1267h,2h
Difference,1265h,1h,1269h,1h
Match,1266h,21h,126Ah,21h
Difference,1287h,1h,128Bh,1h
Match,1288h,1Dh,128Ch,1Dh
Difference,12A5h,1h,12A9h,1h
Match,12A6h,Fh,12AAh,Fh
Difference,12B5h,1h,12B9h,1h
Match,12B6h,18h,12BAh,18h
Difference,12CEh,1h,12D2h,1h
Match,12CFh,18h,12D3h,18h
Difference,12E7h,1h,12EBh,1h
Match,12E8h,3h,12ECh,3h
Difference,12EBh,1h,12EFh,1h
Match,12ECh,2h,12F0h,2h
Difference,12EEh,1h,12F2h,1h
Match,12EFh,Ch,12F3h,Ch
Difference,12FBh,1h,12FFh,1h
Match,12FCh,4h,1300h,4h
Difference,1300h,1h,1304h,1h
Match,1301h,15h,1305h,15h
Difference,1316h,1h,131Ah,1h
Match,1317h,21h,131Bh,21h
Difference,1338h,1h,133Ch,1h
Match,1339h,2h,133Dh,2h
Difference,133Bh,1h,133Fh,1h
Match,133Ch,8h,1340h,8h
Difference,1344h,1h,1348h,1h
Match,1345h,2h,1349h,2h
Difference,1347h,1h,134Bh,1h
Match,1348h,1Eh,134Ch,1Eh
Difference,1366h,1h,136Ah,1h
Match,1367h,Fh,136Bh,Fh
Difference,1376h,1h,137Ah,1h
Match,1377h,Fh,137Bh,Fh
Difference,1386h,1h,138Ah,1h
Match,1387h,12h,138Bh,12h
Difference,1399h,1h,139Dh,1h
Match,139Ah,Fh,139Eh,Fh
Difference,13A9h,1h,13ADh,1h
Match,13AAh,Bh,13AEh,Bh
Difference,13B5h,1h,13B9h,1h
Match,13B6h,13h,13BAh,13h
Difference,13C9h,1h,13CDh,1h
Match,13CAh,Eh,13CEh,Eh
Difference,13D8h,1h,13DCh,1h
Match,13D9h,16h,13DDh,16h
Difference,13EFh,1h,13F3h,1h
Match,13F0h,10h,13F4h,10h
Difference,1400h,1h,1404h,1h
Match,1401h,11h,1405h,11h
Difference,1412h,1h,1416h,1h
Match,1413h,5Eh,1417h,5Eh
Difference,1471h,1h,1475h,1h
Match,1472h,19h,1476h,19h
Difference,148Bh,1h,148Fh,1h
Match,148Ch,91h,1490h,91h
Difference,151Dh,1h,1521h,1h
Match,151Eh,2h,1522h,2h
Difference,1520h,1h,1524h,1h
Match,1521h,2h,1525h,2h
Difference,1523h,1h,1527h,1h
Match,1524h,2h,1528h,2h
Difference,1526h,1h,152Ah,1h
Match,1527h,8h,152Bh,8h
Difference,152Fh,1h,1533h,1h
Match,1530h,2h,1534h,2h
Difference,1532h,1h,1536h,1h
Match,1533h,4h,1537h,4h
Difference,1537h,1h,153Bh,1h
Match,1538h,C7h,153Ch,C7h
Difference,15FFh,1h,1603h,1h
Match,1600h,10h,1604h,10h
Difference,1610h,1h,1614h,1h
Match,1611h,1Fh,1615h,1Fh
Difference,1630h,1h,1634h,1h
Match,1631h,Eh,1635h,Eh
Difference,163Fh,1h,1643h,1h
Match,1640h,20h,1644h,20h
Difference,1660h,1h,1664h,1h
Match,1661h,14h,1665h,14h
Difference,1675h,1h,1679h,1h
Match,1676h,29Ch,167Ah,29Ch
Difference,1912h,1h,1916h,1h
Match,1913h,5h,1917h,5h
Difference,1918h,1h,191Ch,1h
Match,1919h,3h,191Dh,3h
Difference,191Ch,1h,1920h,1h
Match,191Dh,2h,1921h,2h
Difference,191Fh,1h,1923h,1h
Match,1920h,2h,1924h,2h
Difference,1922h,1h,1926h,1h
Match,1923h,2h,1927h,2h
Difference,1925h,1h,1929h,1h
Match,1926h,1h,192Ah,1h
Difference,1927h,1h,192Bh,1h
Match,1928h,1h,192Ch,1h
Difference,1929h,1h,192Dh,1h
Match,192Ah,1h,192Eh,1h
Difference,192Bh,2h,192Fh,2h
Difference,192Dh,2h,1931h,2h
Difference,192Fh,1h,1933h,1h
Match,1930h,1h,1934h,1h
Difference,1931h,1h,1935h,1h
Match,1932h,1h,1936h,1h
Difference,1933h,1h,1937h,1h
Match,1934h,1h,1938h,1h
Difference,1935h,1h,1939h,1h
Match,1936h,1h,193Ah,1h
Difference,1937h,1h,193Bh,1h
Match,1938h,1h,193Ch,1h
Difference,1939h,1h,193Dh,1h
Match,193Ah,1h,193Eh,1h
Difference,193Bh,1h,193Fh,1h
Match,193Ch,1h,1940h,1h
Difference,193Dh,1h,1941h,1h
Match,193Eh,1h,1942h,1h
Difference,193Fh,1h,1943h,1h
Match,1940h,1h,1944h,1h
Difference,1941h,1h,1945h,1h
Match,1942h,68h,1946h,68h
Difference,19AAh,1h,19AEh,1h
Match,19ABh,3h,19AFh,3h
Difference,19AEh,1h,19B2h,1h
Match,19AFh,20h,19B3h,20h
Difference,19CFh,1h,19D3h,1h
Match,19D0h,18h,19D4h,18h
Difference,19E8h,1h,19ECh,1h
Match,19E9h,2h,19EDh,2h
Difference,19EBh,1h,19EFh,1h
Match,19ECh,2h,19F0h,2h
Difference,19EEh,1h,19F2h,1h
Match,19EFh,2h,19F3h,2h
Difference,19F1h,1h,19F5h,1h
Match,19F2h,2h,19F6h,2h
Difference,19F4h,1h,19F8h,1h
Match,19F5h,2h,19F9h,2h
Difference,19F7h,1h,19FBh,1h
Match,19F8h,2h,19FCh,2h
Difference,19FAh,1h,19FEh,1h
Match,19FBh,17h,19FFh,17h
Difference,1A12h,1h,1A16h,1h
Match,1A13h,5h,1A17h,5h
Difference,1A18h,1h,1A1Ch,1h
Match,1A19h,2h,1A1Dh,2h
Difference,1A1Bh,1h,1A1Fh,1h
Match,1A1Ch,14h,1A20h,14h
Difference,1A30h,1h,1A34h,1h
Match,1A31h,Fh,1A35h,Fh
Difference,1A40h,1h,1A44h,1h
Match,1A41h,1Ah,1A45h,1Ah
Difference,1A5Bh,1h,1A5Fh,1h
Match,1A5Ch,12h,1A60h,12h
Difference,1A6Eh,1h,1A72h,1h
Match,1A6Fh,Ch,1A73h,Ch
Difference,1A7Bh,1h,1A7Fh,1h
Match,1A7Ch,4h,1A80h,4h
Difference,1A80h,1h,1A84h,1h
Match,1A81h,2h,1A85h,2h
Difference,1A83h,1h,1A87h,1h
Match,1A84h,2h,1A88h,2h
Difference,1A86h,1h,1A8Ah,1h
Match,1A87h,11h,1A8Bh,11h
Difference,1A98h,2h,1A9Ch,2h
Match,1A9Ah,51h,1A9Eh,51h
Difference,1AEBh,1h,1AEFh,1h
Match,1AECh,4h,1AF0h,4h
Difference,1AF0h,1h,1AF4h,1h
Match,1AF1h,2h,1AF5h,2h
Difference,1AF3h,1h,1AF7h,1h
Match,1AF4h,2h,1AF8h,2h
Difference,1AF6h,1h,1AFAh,1h
Match,1AF7h,26h,1AFBh,26h
Difference,1B1Dh,1h,1B21h,1h
Match,1B1Eh,2h,1B22h,2h
Difference,1B20h,1h,1B24h,1h
Match,1B21h,4h,1B25h,4h
Difference,1B25h,1h,1B29h,1h
Match,1B26h,Eh,1B2Ah,Eh
Difference,1B34h,1h,1B38h,1h
Match,1B35h,4h,1B39h,4h
Difference,1B39h,1h,1B3Dh,1h
Match,1B3Ah,3h,1B3Eh,3h
Difference,1B3Dh,1h,1B41h,1h
Match,1B3Eh,2h,1B42h,2h
Difference,1B40h,1h,1B44h,1h
Match,1B41h,44h,1B45h,44h
Difference,1B85h,1h,1B89h,1h
Match,1B86h,6h,1B8Ah,6h
Difference,1B8Ch,1h,1B90h,1h
Match,1B8Dh,1Dh,1B91h,1Dh
Difference,1BAAh,1h,1BAEh,1h
Match,1BABh,2Bh,1BAFh,2Bh
Difference,1BD6h,1h,1BDAh,1h
Match,1BD7h,12h,1BDBh,12h
Difference,1BE9h,1h,1BEDh,1h
Match,1BEAh,2h,1BEEh,2h
Difference,1BECh,1h,1BF0h,1h
Match,1BEDh,11h,1BF1h,11h
Difference,1BFEh,1h,1C02h,1h
Match,1BFFh,2h,1C03h,2h
Difference,1C01h,1h,1C05h,1h
Match,1C02h,3h,1C06h,3h
Difference,1C05h,1h,1C09h,1h
Match,1C06h,6h,1C0Ah,6h
Difference,1C0Ch,1h,1C10h,1h
Match,1C0Dh,Ah,1C11h,Ah
Difference,1C17h,1h,1C1Bh,1h
Match,1C18h,8h,1C1Ch,8h
Difference,1C20h,1h,1C24h,1h
Match,1C21h,4h,1C25h,4h
Difference,1C25h,1h,1C29h,1h
Match,1C26h,13h,1C2Ah,13h
Difference,1C39h,1h,1C3Dh,1h
Match,1C3Ah,Ch,1C3Eh,Ch
Difference,1C46h,1h,1C4Ah,1h
Match,1C47h,2h,1C4Bh,2h
Difference,1C49h,1h,1C4Dh,1h
Match,1C4Ah,2h,1C4Eh,2h
Difference,1C4Ch,1h,1C50h,1h
Match,1C4Dh,2h,1C51h,2h
Difference,1C4Fh,1h,1C53h,1h
Match,1C50h,3h,1C54h,3h
Difference,1C53h,1h,1C57h,1h
Match,1C54h,11h,1C58h,11h
Difference,1C65h,1h,1C69h,1h
Match,1C66h,9h,1C6Ah,9h
Difference,1C6Fh,1h,1C73h,1h
Match,1C70h,9h,1C74h,9h
Difference,1C79h,2h,1C7Dh,2h
Match,1C7Bh,33h,1C7Fh,33h
Difference,1CAEh,1h,1CB2h,1h
Match,1CAFh,1Fh,1CB3h,1Fh
Difference,1CCEh,1h,1CD2h,1h
Match,1CCFh,C4h,1CD3h,C4h
Difference,1D93h,1h,1D97h,1h
Match,1D94h,2h,1D98h,2h
Difference,1D96h,1h,1D9Ah,1h
Match,1D97h,2h,1D9Bh,2h
Difference,1D99h,1h,1D9Dh,1h
Match,1D9Ah,6h,1D9Eh,6h
Difference,1DA0h,1h,1DA4h,1h
Match,1DA1h,2h,1DA5h,2h
Difference,1DA3h,1h,1DA7h,1h
Match,1DA4h,BFh,1DA8h,BFh
Difference,1E63h,1h,1E67h,1h
Match,1E64h,18h,1E68h,18h
Difference,1E7Ch,1h,1E80h,1h
Match,1E7Dh,9h,1E81h,9h
Difference,1E86h,1h,1E8Ah,1h
Match,1E87h,44h,1E8Bh,44h
Difference,1ECBh,1h,1ECFh,1h
Match,1ECCh,1Ch,1ED0h,1Ch
Difference,1EE8h,1h,1EECh,1h
Match,1EE9h,11h,1EEDh,11h
Difference,1EFAh,1h,1EFEh,1h
Match,1EFBh,2Dh,1EFFh,2Dh
Difference,1F28h,1h,1F2Ch,1h
Match,1F29h,14h,1F2Dh,14h
Difference,1F3Dh,1h,1F41h,1h
Match,1F3Eh,26h,1F42h,26h
Difference,1F64h,1h,1F68h,1h
Match,1F65h,6Bh,1F69h,6Bh
Difference,1FD0h,1h,1FD4h,1h
Match,1FD1h,14h,1FD5h,14h
Difference,1FE5h,1h,1FE9h,1h
Match,1FE6h,2h,1FEAh,2h
Difference,1FE8h,1h,1FECh,1h
Match,1FE9h,2h,1FEDh,2h
Difference,1FEBh,1h,1FEFh,1h
Match,1FECh,12h,1FF0h,12h
Difference,1FFEh,1h,2002h,1h
Match,1FFFh,34h,2003h,34h
Difference,2033h,1h,2037h,1h
Match,2034h,2h,2038h,2h
Difference,2036h,1h,203Ah,1h
Match,2037h,3Fh,203Bh,3Fh
Difference,2076h,1h,207Ah,1h
Match,2077h,9h,207Bh,9h
Difference,2080h,1h,2084h,1h
Match,2081h,27h,2085h,27h
Difference,20A8h,1h,20ACh,1h
Match,20A9h,36h,20ADh,36h
Difference,20DFh,1h,20E3h,1h
Match,20E0h,24h,20E4h,24h
Difference,2104h,1h,2108h,1h
Match,2105h,18h,2109h,18h
Difference,211Dh,1h,2121h,1h
Match,211Eh,1Fh,2122h,1Fh
Difference,213Dh,1h,2141h,1h
Match,213Eh,75h,2142h,75h
Difference,21B3h,1h,21B7h,1h
Match,21B4h,9h,21B8h,9h
Difference,21BDh,1h,21C1h,1h
Match,21BEh,1Dh,21C2h,1Dh
Difference,21DBh,1h,21DFh,1h
Match,21DCh,10h,21E0h,10h
Difference,21ECh,1h,21F0h,1h
Match,21EDh,5Fh,21F1h,5Fh
Difference,224Ch,1h,2250h,1h
Match,224Dh,9h,2251h,9h
Difference,2256h,1h,225Ah,1h
Match,2257h,Ch,225Bh,Ch
Difference,2263h,1h,2267h,1h
Match,2264h,9h,2268h,9h
Difference,226Dh,1h,2271h,1h
Match,226Eh,2Eh,2272h,2Eh
Difference,229Ch,1h,22A0h,1h
Match,229Dh,2h,22A1h,2h
Difference,229Fh,1h,22A3h,1h
Match,22A0h,2h,22A4h,2h
Difference,22A2h,1h,22A6h,1h
Match,22A3h,15h,22A7h,15h
Difference,22B8h,1h,22BCh,1h
Match,22B9h,9h,22BDh,9h
Difference,22C2h,1h,22C6h,1h
Match,22C3h,12h,22C7h,12h
Difference,22D5h,1h,22D9h,1h
Match,22D6h,Ch,22DAh,Ch
Difference,22E2h,1h,22E6h,1h
Match,22E3h,Ch,22E7h,Ch
Difference,22EFh,1h,22F3h,1h
Match,22F0h,Ch,22F4h,Ch
Difference,22FCh,1h,2300h,1h
Match,22FDh,Ch,2301h,Ch
Difference,2309h,1h,230Dh,1h
Match,230Ah,12h,230Eh,12h
Difference,231Ch,1h,2320h,1h
Match,231Dh,17h,2321h,17h
Difference,2334h,1h,2338h,1h
Match,2335h,1Ah,2339h,1Ah
Difference,234Fh,1h,2353h,1h
Match,2350h,10h,2354h,10h
Difference,2360h,1h,2364h,1h
Match,2361h,18h,2365h,18h
Difference,2379h,1h,237Dh,1h
Match,237Ah,25h,237Eh,25h
Difference,239Fh,1h,23A3h,1h
Match,23A0h,5h,23A4h,5h
Difference,23A5h,1h,23A9h,1h
Match,23A6h,15h,23AAh,15h
Difference,23BBh,1h,23BFh,1h
Match,23BCh,6h,23C0h,6h
Difference,23C2h,1h,23C6h,1h
Match,23C3h,25h,23C7h,25h
Difference,23E8h,1h,23ECh,1h
Match,23E9h,Eh,23EDh,Eh
Difference,23F7h,1h,23FBh,1h
Match,23F8h,1h,23FCh,1h
Difference,23F9h,1h,23FDh,1h
Match,23FAh,1h,23FEh,1h
Difference,23FBh,1h,23FFh,1h
Match,23FCh,1h,2400h,1h
Difference,23FDh,1h,2401h,1h
Match,23FEh,1h,2402h,1h
Difference,23FFh,1h,2403h,1h
Match,2400h,1h,2404h,1h
Difference,2401h,1h,2405h,1h
Match,2402h,55h,2406h,55h
Difference,2457h,1h,245Bh,1h
Match,2458h,Bh,245Ch,Bh
Difference,2463h,1h,2467h,1h
Match,2464h,38h,2468h,38h
Difference,249Ch,1h,24A0h,1h
Match,249Dh,3Ah,24A1h,3Ah
Difference,24D7h,1h,24DBh,1h
Match,24D8h,2h,24DCh,2h
Difference,24DAh,1h,24DEh,1h
Match,24DBh,2h,24DFh,2h
Difference,24DDh,1h,24E1h,1h
Match,24DEh,18h,24E2h,18h
Difference,24F6h,1h,24FAh,1h
Match,24F7h,19h,24FBh,19h
Difference,2510h,1h,2514h,1h
Match,2511h,2h,2515h,2h
Difference,2513h,1h,2517h,1h
Match,2514h,2h,2518h,2h
Difference,2516h,1h,251Ah,1h
Match,2517h,2h,251Bh,2h
Difference,2519h,1h,251Dh,1h
Match,251Ah,66h,251Eh,66h
Difference,2580h,1h,2584h,1h
Match,2581h,48h,2585h,48h
Difference,25C9h,1h,25CDh,1h
Match,25CAh,129h,25CEh,129h
Difference,26F3h,1h,26F7h,1h
Match,26F4h,2h,26F8h,2h
Match,26F6h,2h,26FAh,2h
Difference,26F8h,1h,26FCh,1h
Match,26F9h,2h,26FDh,2h
Match,26FBh,2h,26FFh,2h
Difference,26FDh,1h,2701h,1h
Match,26FEh,2h,2702h,2h
Match,2700h,2h,2704h,2h
Difference,2702h,1h,2706h,1h
Match,2703h,2h,2707h,2h
Match,2705h,2h,2709h,2h
Difference,2707h,1h,270Bh,1h
Match,2708h,2h,270Ch,2h
Match,270Ah,2h,270Eh,2h
Difference,270Ch,1h,2710h,1h
Match,270Dh,2h,2711h,2h
Match,270Fh,2h,2713h,2h
Difference,2711h,1h,2715h,1h
Match,2712h,2h,2716h,2h
Match,2714h,2h,2718h,2h
Difference,2716h,1h,271Ah,1h
Match,2717h,2h,271Bh,2h
Match,2719h,2h,271Dh,2h
Difference,271Bh,1h,271Fh,1h
Match,271Ch,2h,2720h,2h
Match,271Eh,2h,2722h,2h
Difference,2720h,1h,2724h,1h
Match,2721h,2h,2725h,2h
Match,2723h,2h,2727h,2h
Difference,2725h,1h,2729h,1h
Match,2726h,2h,272Ah,2h
Match,2728h,2h,272Ch,2h
Difference,272Ah,1h,272Eh,1h
Match,272Bh,2h,272Fh,2h
Match,272Dh,2h,2731h,2h
Difference,272Fh,1h,2733h,1h
Match,2730h,2h,2734h,2h
Match,2732h,2h,2736h,2h
Difference,2734h,1h,2738h,1h
Match,2735h,2h,2739h,2h
Match,2737h,2h,273Bh,2h
Difference,2739h,1h,273Dh,1h
Match,273Ah,2h,273Eh,2h
Match,273Ch,2h,2740h,2h
Difference,273Eh,1h,2742h,1h
Match,273Fh,2h,2743h,2h
Match,2741h,2h,2745h,2h
Difference,2743h,1h,2747h,1h
Match,2744h,2h,2748h,2h
Match,2746h,2h,274Ah,2h
Difference,2748h,1h,274Ch,1h
Match,2749h,2h,274Dh,2h
Match,274Bh,2h,274Fh,2h
Difference,274Dh,1h,2751h,1h
Match,274Eh,2h,2752h,2h
Match,2750h,2h,2754h,2h
Difference,2752h,1h,2756h,1h
Match,2753h,1h,2757h,1h
Difference,2754h,1h,2758h,1h
Match,2755h,1h,2759h,1h
Difference,2756h,1h,275Ah,1h
Match,2757h,1h,275Bh,1h
Difference,2758h,1h,275Ch,1h
Match,2759h,1h,275Dh,1h
Difference,275Ah,1h,275Eh,1h
Match,275Bh,1h,275Fh,1h
Difference,275Ch,1h,2760h,1h
Match,275Dh,1h,2761h,1h
Difference,275Eh,1h,2762h,1h
Match,275Fh,1h,2763h,1h
Difference,2760h,1h,2764h,1h
Match,2761h,1h,2765h,1h
Difference,2762h,1h,2766h,1h
Match,2763h,1h,2767h,1h
Difference,2764h,1h,2768h,1h
Match,2765h,1h,2769h,1h
Difference,2766h,1h,276Ah,1h
Match,2767h,1h,276Bh,1h
Difference,2768h,1h,276Ch,1h
Match,2769h,1h,276Dh,1h
Difference,276Ah,1h,276Eh,1h
Match,276Bh,1h,276Fh,1h
Difference,276Ch,1h,2770h,1h
Match,276Dh,1h,2771h,1h
Difference,276Eh,1h,2772h,1h
Match,276Fh,1h,2773h,1h
Difference,2770h,1h,2774h,1h
Match,2771h,1h,2775h,1h
Difference,2772h,1h,2776h,1h
Match,2773h,1h,2777h,1h
Difference,2774h,1h,2778h,1h
Match,2775h,1h,2779h,1h
Difference,2776h,1h,277Ah,1h
Match,2777h,1h,277Bh,1h
Difference,2778h,1h,277Ch,1h
Match,2779h,1h,277Dh,1h
Difference,277Ah,1h,277Eh,1h
Match,277Bh,1h,277Fh,1h
Difference,277Ch,1h,2780h,1h
Match,277Dh,1h,2781h,1h
Difference,277Eh,1h,2782h,1h
Match,277Fh,1h,2783h,1h
Difference,2780h,1h,2784h,1h
Match,2781h,1h,2785h,1h
Difference,2782h,1h,2786h,1h
Match,2783h,1h,2787h,1h
Difference,2784h,1h,2788h,1h
Match,2785h,1h,2789h,1h
Difference,2786h,1h,278Ah,1h
Match,2787h,1h,278Bh,1h
Difference,2788h,1h,278Ch,1h
Match,2789h,1h,278Dh,1h
Difference,278Ah,1h,278Eh,1h
Match,278Bh,1h,278Fh,1h
Difference,278Ch,1h,2790h,1h
Match,278Dh,1h,2791h,1h
Difference,278Eh,1h,2792h,1h
Match,278Fh,1h,2793h,1h
Difference,2790h,1h,2794h,1h
Match,2791h,1h,2795h,1h
Difference,2792h,1h,2796h,1h
Match,2793h,1h,2797h,1h
Difference,2794h,1h,2798h,1h
Match,2795h,1h,2799h,1h
Difference,2796h,1h,279Ah,1h
Match,2797h,1h,279Bh,1h
Difference,2798h,1h,279Ch,1h
Match,2799h,1h,279Dh,1h
Difference,279Ah,1h,279Eh,1h
Match,279Bh,1h,279Fh,1h
Difference,279Ch,1h,27A0h,1h
Match,279Dh,1h,27A1h,1h
Difference,279Eh,1h,27A2h,1h
Match,279Fh,1h,27A3h,1h
Difference,27A0h,1h,27A4h,1h
Match,27A1h,1h,27A5h,1h
Difference,27A2h,1h,27A6h,1h
Match,27A3h,1h,27A7h,1h
Difference,27A4h,1h,27A8h,1h
Match,27A5h,1h,27A9h,1h
Difference,27A6h,1h,27AAh,1h
Match,27A7h,1h,27ABh,1h
Difference,27A8h,1h,27ACh,1h
Match,27A9h,1h,27ADh,1h
Difference,27AAh,1h,27AEh,1h
Match,27ABh,1h,27AFh,1h
Difference,27ACh,1h,27B0h,1h
Match,27ADh,1h,27B1h,1h
Difference,27AEh,1h,27B2h,1h
Match,27AFh,1h,27B3h,1h
Difference,27B0h,1h,27B4h,1h
Match,27B1h,1h,27B5h,1h
Difference,27B2h,2h,27B6h,2h
Difference,27B4h,1h,27B8h,1h
Match,27B5h,1h,27B9h,1h
Difference,27B6h,1h,27BAh,1h
Match,27B7h,1h,27BBh,1h
Difference,27B8h,1h,27BCh,1h
Match,27B9h,1h,27BDh,1h
Difference,27BAh,1h,27BEh,1h
Match,27BBh,1h,27BFh,1h
Difference,27BCh,1h,27C0h,1h
Match,27BDh,1h,27C1h,1h
Difference,27BEh,1h,27C2h,1h
Match,27BFh,1h,27C3h,1h
Difference,27C0h,1h,27C4h,1h
Match,27C1h,1h,27C5h,1h
Difference,27C2h,1h,27C6h,1h
Match,27C3h,1h,27C7h,1h
Difference,27C4h,1h,27C8h,1h
Match,27C5h,1h,27C9h,1h
Difference,27C6h,1h,27CAh,1h
Match,27C7h,1h,27CBh,1h
Difference,27C8h,1h,27CCh,1h
Match,27C9h,1h,27CDh,1h
Difference,27CAh,1h,27CEh,1h
Match,27CBh,1h,27CFh,1h
Difference,27CCh,1h,27D0h,1h
Match,27CDh,1h,27D1h,1h
Difference,27CEh,1h,27D2h,1h
Match,27CFh,1h,27D3h,1h
Difference,27D0h,1h,27D4h,1h
Match,27D1h,1h,27D5h,1h
Difference,27D2h,1h,27D6h,1h
Match,27D3h,1h,27D7h,1h
Difference,27D4h,1h,27D8h,1h
Match,27D5h,1h,27D9h,1h
Difference,27D6h,1h,27DAh,1h
Match,27D7h,1h,27DBh,1h
Difference,27D8h,1h,27DCh,1h
Match,27D9h,1h,27DDh,1h
Difference,27DAh,1h,27DEh,1h
Match,27DBh,1h,27DFh,1h
Difference,27DCh,1h,27E0h,1h
Match,27DDh,1h,27E1h,1h
Difference,27DEh,1h,27E2h,1h
Match,27DFh,1h,27E3h,1h
Difference,27E0h,1h,27E4h,1h
Match,27E1h,1h,27E5h,1h
Difference,27E2h,1h,27E6h,1h
Match,27E3h,1h,27E7h,1h
Difference,27E4h,1h,27E8h,1h
Match,27E5h,1h,27E9h,1h
Difference,27E6h,1h,27EAh,1h
Match,27E7h,1h,27EBh,1h
Difference,27E8h,1h,27ECh,1h
Match,27E9h,1h,27EDh,1h
Difference,27EAh,1h,27EEh,1h
Match,27EBh,1h,27EFh,1h
Difference,27ECh,1h,27F0h,1h
Match,27EDh,1h,27F1h,1h
Difference,27EEh,1h,27F2h,1h
Match,27EFh,1h,27F3h,1h
Difference,27F0h,1h,27F4h,1h
Match,27F1h,1h,27F5h,1h
Difference,27F2h,1h,27F6h,1h
Match,27F3h,1h,27F7h,1h
Difference,27F4h,1h,27F8h,1h
Match,27F5h,1h,27F9h,1h
Difference,27F6h,1h,27FAh,1h
Match,27F7h,1h,27FBh,1h
Difference,27F8h,1h,27FCh,1h
Match,27F9h,1h,27FDh,1h
Difference,27FAh,1h,27FEh,1h
Match,27FBh,1h,27FFh,1h
Difference,27FCh,1h,2800h,1h
Match,27FDh,1h,2801h,1h
Difference,27FEh,1h,2802h,1h
Match,27FFh,1h,2803h,1h
Difference,2800h,1h,2804h,1h
Match,2801h,1h,2805h,1h
Difference,2802h,1h,2806h,1h
Match,2803h,1h,2807h,1h
Difference,2804h,1h,2808h,1h
Match,2805h,1h,2809h,1h
Difference,2806h,1h,280Ah,1h
Match,2807h,1h,280Bh,1h
Difference,2808h,1h,280Ch,1h
Match,2809h,1h,280Dh,1h
Difference,280Ah,1h,280Eh,1h
Match,280Bh,1h,280Fh,1h
Difference,280Ch,1h,2810h,1h
Match,280Dh,1h,2811h,1h
Difference,280Eh,1h,2812h,1h
Match,280Fh,1h,2813h,1h
Difference,2810h,1h,2814h,1h
Match,2811h,1h,2815h,1h
Difference,2812h,1h,2816h,1h
Match,2813h,1h,2817h,1h
Difference,2814h,1h,2818h,1h
Match,2815h,21Ah,2819h,21Ah
Difference,2A2Fh,1h,2A33h,1h
Match,2A30h,Fh,2A34h,Fh
Difference,2A3Fh,1h,2A43h,1h
Match,2A40h,2h,2A44h,2h
Difference,2A42h,1h,2A46h,1h
Match,2A43h,2h,2A47h,2h
Difference,2A45h,1h,2A49h,1h
Match,2A46h,1h,2A4Ah,1h
Difference,2A47h,1h,2A4Bh,1h
Match,2A48h,1h,2A4Ch,1h
Difference,2A49h,1h,2A4Dh,1h
Match,2A4Ah,25h,2A4Eh,25h
Difference,2A6Fh,1h,2A73h,1h
Match,2A70h,4h,2A74h,4h
Difference,2A74h,1h,2A78h,1h
Match,2A75h,2h,2A79h,2h
Difference,2A77h,1h,2A7Bh,1h
Match,2A78h,2Ah,2A7Ch,2Ah
Difference,2AA2h,1h,2AA6h,1h
Match,2AA3h,28h,2AA7h,28h
Difference,2ACBh,1h,2ACFh,1h
Match,2ACCh,18h,2AD0h,18h
Difference,2AE4h,1h,2AE8h,1h
Match,2AE5h,36h,2AE9h,36h
Difference,2B1Bh,1h,2B1Fh,1h
Match,2B1Ch,2Fh,2B20h,2Fh
Difference,2B4Bh,1h,2B4Fh,1h
Match,2B4Ch,101h,2B50h,101h
Difference,2C4Dh,1h,2C51h,1h
Match,2C4Eh,Fh,2C52h,Fh
Difference,2C5Dh,1h,2C61h,1h
Match,2C5Eh,3h,2C62h,3h
Difference,2C61h,1h,2C65h,1h
Match,2C62h,1h,2C66h,1h
Difference,2C63h,1h,2C67h,1h
Match,2C64h,1h,2C68h,1h
Difference,2C65h,1h,2C69h,1h
Match,2C66h,2h,2C6Ah,2h
Difference,2C68h,1h,2C6Ch,1h
Match,2C69h,5h,2C6Dh,5h
Difference,2C6Eh,1h,2C72h,1h
Match,2C6Fh,15h,2C73h,15h
Difference,2C84h,1h,2C88h,1h
Match,2C85h,Fh,2C89h,Fh
Difference,2C94h,1h,2C98h,1h
Match,2C95h,11h,2C99h,11h
Difference,2CA6h,1h,2CAAh,1h
Match,2CA7h,15h,2CABh,15h
Difference,2CBCh,1h,2CC0h,1h
Match,2CBDh,Bh,2CC1h,Bh
Difference,2CC8h,1h,2CCCh,1h
Match,2CC9h,Dh,2CCDh,Dh
Difference,2CD6h,1h,2CDAh,1h
Match,2CD7h,2h,2CDBh,2h
Difference,2CD9h,1h,2CDDh,1h
Match,2CDAh,Ah,2CDEh,Ah
Difference,2CE4h,1h,2CE8h,1h
Match,2CE5h,2h,2CE9h,2h
Difference,2CE7h,1h,2CEBh,1h
Match,2CE8h,Ah,2CECh,Ah
Difference,2CF2h,1h,2CF6h,1h
Match,2CF3h,2h,2CF7h,2h
Difference,2CF5h,1h,2CF9h,1h
Match,2CF6h,Ah,2CFAh,Ah
Difference,2D00h,1h,2D04h,1h
Match,2D01h,2h,2D05h,2h
Difference,2D03h,1h,2D07h,1h
Match,2D04h,Ah,2D08h,Ah
Difference,2D0Eh,1h,2D12h,1h
Match,2D0Fh,2h,2D13h,2h
Difference,2D11h,1h,2D15h,1h
Match,2D12h,Ah,2D16h,Ah
Difference,2D1Ch,1h,2D20h,1h
Match,2D1Dh,2h,2D21h,2h
Difference,2D1Fh,1h,2D23h,1h
Match,2D20h,2h,2D24h,2h
Difference,2D22h,1h,2D26h,1h
Match,2D23h,8h,2D27h,8h
Difference,2D2Bh,1h,2D2Fh,1h
Match,2D2Ch,20h,2D30h,20h
Difference,2D4Ch,1h,2D50h,1h
Match,2D4Dh,9Ah,2D51h,9Ah
Difference,2DE7h,1h,2DEBh,1h
Match,2DE8h,3h,2DECh,3h
Difference,2DEBh,1h,2DEFh,1h
Match,2DECh,1h,2DF0h,1h
Difference,2DEDh,1h,2DF1h,1h
Match,2DEEh,33h,2DF2h,33h
Difference,2E21h,1h,2E25h,1h
Match,2E22h,5h,2E26h,5h
Difference,2E27h,1h,2E2Bh,1h
Match,2E28h,2h,2E2Ch,2h
Difference,2E2Ah,1h,2E2Eh,1h
Match,2E2Bh,Bh,2E2Fh,Bh
Difference,2E36h,1h,2E3Ah,1h
Match,2E37h,Bh,2E3Bh,Bh
Difference,2E42h,1h,2E46h,1h
Match,2E43h,Bh,2E47h,Bh
Difference,2E4Eh,1h,2E52h,1h
Match,2E4Fh,Dh,2E53h,Dh
Difference,2E5Ch,1h,2E60h,1h
Match,2E5Dh,2h,2E61h,2h
Difference,2E5Fh,1h,2E63h,1h
Match,2E60h,Ah,2E64h,Ah
Difference,2E6Ah,1h,2E6Eh,1h
Match,2E6Bh,2h,2E6Fh,2h
Difference,2E6Dh,1h,2E71h,1h
Match,2E6Eh,Ah,2E72h,Ah
Difference,2E78h,1h,2E7Ch,1h
Match,2E79h,2h,2E7Dh,2h
Difference,2E7Bh,1h,2E7Fh,1h
Match,2E7Ch,Ah,2E80h,Ah
Difference,2E86h,1h,2E8Ah,1h
Match,2E87h,2h,2E8Bh,2h
Difference,2E89h,1h,2E8Dh,1h
Match,2E8Ah,Ah,2E8Eh,Ah
Difference,2E94h,1h,2E98h,1h
Match,2E95h,2h,2E99h,2h
Difference,2E97h,1h,2E9Bh,1h
Match,2E98h,Ah,2E9Ch,Ah
Difference,2EA2h,1h,2EA6h,1h
Match,2EA3h,2h,2EA7h,2h
Difference,2EA5h,1h,2EA9h,1h
Match,2EA6h,2h,2EAAh,2h
Difference,2EA8h,1h,2EACh,1h
Match,2EA9h,2h,2EADh,2h
Difference,2EABh,2h,2EAFh,2h
Match,2EADh,1Eh,2EB1h,1Eh
Difference,2ECBh,1h,2ECFh,1h
Match,2ECCh,20h,2ED0h,20h
Difference,2EECh,1h,2EF0h,1h
Match,2EEDh,2h,2EF1h,2h
Difference,2EEFh,1h,2EF3h,1h
Match,2EF0h,2h,2EF4h,2h
Difference,2EF2h,1h,2EF6h,1h
Match,2EF3h,15h,2EF7h,15h
Difference,2F08h,1h,2F0Ch,1h
Match,2F09h,10h,2F0Dh,10h
Difference,2F19h,1h,2F1Dh,1h
Match,2F1Ah,25h,2F1Eh,25h
Difference,2F3Fh,1h,2F43h,1h
Match,2F40h,2h,2F44h,2h
Difference,2F42h,1h,2F46h,1h
Match,2F43h,2h,2F47h,2h
Difference,2F45h,1h,2F49h,1h
Match,2F46h,2h,2F4Ah,2h
Difference,2F48h,1h,2F4Ch,1h
Match,2F49h,25h,2F4Dh,25h
Difference,2F6Eh,1h,2F72h,1h
Match,2F6Fh,2h,2F73h,2h
Difference,2F71h,1h,2F75h,1h
Match,2F72h,2h,2F76h,2h
Difference,2F74h,1h,2F78h,1h
Match,2F75h,2h,2F79h,2h
Difference,2F77h,1h,2F7Bh,1h
Match,2F78h,1Eh,2F7Ch,1Eh
Difference,2F96h,1h,2F9Ah,1h
Match,2F97h,2h,2F9Bh,2h
Difference,2F99h,1h,2F9Dh,1h
Match,2F9Ah,2h,2F9Eh,2h
Difference,2F9Ch,1h,2FA0h,1h
Match,2F9Dh,21h,2FA1h,21h
Difference,2FBEh,1h,2FC2h,1h
Match,2FBFh,2h,2FC3h,2h
Difference,2FC1h,1h,2FC5h,1h
Match,2FC2h,2h,2FC6h,2h
Difference,2FC4h,1h,2FC8h,1h
Match,2FC5h,4h,2FC9h,4h
Difference,2FC9h,1h,2FCDh,1h
Match,2FCAh,10h,2FCEh,10h
Difference,2FDAh,1h,2FDEh,1h
Match,2FDBh,2h,2FDFh,2h
Difference,2FDDh,1h,2FE1h,1h
Match,2FDEh,Eh,2FE2h,Eh
Difference,2FECh,1h,2FF0h,1h
Match,2FEDh,2h,2FF1h,2h
Difference,2FEFh,1h,2FF3h,1h
Match,2FF0h,39h,2FF4h,39h
Difference,3029h,1h,302Dh,1h
Match,302Ah,Eh,302Eh,Eh
Difference,3038h,1h,303Ch,1h
Match,3039h,Bh,303Dh,Bh
Difference,3044h,1h,3048h,1h
Match,3045h,137h,3049h,137h
Difference,317Ch,1h,3180h,1h
Match,317Dh,2h,3181h,2h
Difference,317Fh,1h,3183h,1h
Match,3180h,63h,3184h,63h
Difference,31E3h,1h,31E7h,1h
Match,31E4h,Dh,31E8h,Dh
Difference,31F1h,1h,31F5h,1h
Match,31F2h,9h,31F6h,9h
Difference,31FBh,1h,31FFh,1h
Match,31FCh,9h,3200h,9h
Difference,3205h,1h,3209h,1h
Match,3206h,9h,320Ah,9h
Difference,320Fh,1h,3213h,1h
Match,3210h,9h,3214h,9h
Difference,3219h,1h,321Dh,1h
Match,321Ah,5h,321Eh,5h
Difference,321Fh,1h,3223h,1h
Match,3220h,2h,3224h,2h
Difference,3222h,1h,3226h,1h
Match,3223h,9h,3227h,9h
Difference,322Ch,1h,3230h,1h
Match,322Dh,10h,3231h,10h
Difference,323Dh,1h,3241h,1h
Match,323Eh,18h,3242h,18h
Difference,3256h,1h,325Ah,1h
Match,3257h,14h,325Bh,14h
Difference,326Bh,1h,326Fh,1h
Match,326Ch,70h,3270h,70h
Difference,32DCh,1h,32E0h,1h
Match,32DDh,540h,32E1h,540h
Difference,381Dh,1h,3821h,1h
Match,381Eh,4h,3822h,4h
Difference,3822h,1h,3826h,1h
Match,3823h,4h,3827h,4h
Difference,3827h,1h,382Bh,1h
Match,3828h,14h,382Ch,14h
Difference,383Ch,1h,3840h,1h
Match,383Dh,Fh,3841h,Fh
Difference,384Ch,1h,3850h,1h
Match,384Dh,B0h,3851h,B0h
Difference,38FDh,1h,3901h,1h
Match,38FEh,Bh,3902h,Bh
Difference,3909h,1h,390Dh,1h
Match,390Ah,Bh,390Eh,Bh
Difference,3915h,1h,3919h,1h
Match,3916h,66h,391Ah,66h
Difference,397Ch,1h,3980h,1h
Match,397Dh,6h,3981h,6h
Difference,3983h,1h,3987h,1h
Match,3984h,13h,3988h,13h
Difference,3997h,1h,399Bh,1h
Match,3998h,28Bh,399Ch,28Bh
Difference,3C23h,1h,3C27h,1h
Match,3C24h,9h,3C28h,9h
Difference,3C2Dh,1h,3C31h,1h
Match,3C2Eh,19h,3C32h,19h
Difference,3C47h,1h,3C4Bh,1h
Match,3C48h,9h,3C4Ch,9h
Difference,3C51h,1h,3C55h,1h
Match,3C52h,3AAh,3C56h,3AAh
Only in A,3FFCh,4h,,
Match,4000h,2Dh,4000h,2Dh
Difference,402Dh,1h,402Dh,1h
Match,402Eh,Ch,402Eh,Ch
Difference,403Ah,1h,403Ah,1h
Match,403Bh,Ch,403Bh,Ch
Difference,4047h,1h,4047h,1h
Match,4048h,Ch,4048h,Ch
Difference,4054h,1h,4054h,1h
Match,4055h,Ch,4055h,Ch
Difference,4061h,1h,4061h,1h
Match,4062h,Ch,4062h,Ch
Difference,406Eh,1h,406Eh,1h
Match,406Fh,Ch,406Fh,Ch
Difference,407Bh,1h,407Bh,1h
Match,407Ch,Ch,407Ch,Ch
Difference,4088h,1h,4088h,1h
Match,4089h,Ch,4089h,Ch
Difference,4095h,1h,4095h,1h
Match,4096h,Ch,4096h,Ch
Difference,40A2h,1h,40A2h,1h
Match,40A3h,14h,40A3h,14h
Difference,40B7h,1h,40B7h,1h
Match,40B8h,Eh,40B8h,Eh
Difference,40C6h,1h,40C6h,1h
Match,40C7h,14h,40C7h,14h
Difference,40DBh,1h,40DBh,1h
Match,40DCh,12h,40DCh,12h
Difference,40EEh,1h,40EEh,1h
Match,40EFh,Eh,40EFh,Eh
Difference,40FDh,1h,40FDh,1h
Match,40FEh,3h,40FEh,3h
Difference,4101h,1h,4101h,1h
Match,4102h,5h,4102h,5h
Difference,4107h,1h,4107h,1h
Match,4108h,Dh,4108h,Dh
Difference,4115h,1h,4115h,1h
Match,4116h,Dh,4116h,Dh
Difference,4123h,1h,4123h,1h
Match,4124h,Dh,4124h,Dh
Difference,4131h,1h,4131h,1h
Match,4132h,5h,4132h,5h
Difference,4137h,1h,4137h,1h
Match,4138h,Dh,4138h,Dh
Difference,4145h,1h,4145h,1h
Match,4146h,Bh,4146h,Bh
Difference,4151h,1h,4151h,1h
Match,4152h,6Dh,4152h,6Dh
Difference,41BFh,1h,41BFh,1h
Match,41C0h,Fh,41C0h,Fh
Difference,41CFh,1h,41CFh,1h
Match,41D0h,Fh,41D0h,Fh
Difference,41DFh,1h,41DFh,1h
Match,41E0h,Fh,41E0h,Fh
Difference,41EFh,1h,41EFh,1h
Match,41F0h,13h,41F0h,13h
Difference,4203h,1h,4203h,1h
Match,4204h,Fh,4204h,Fh
Difference,4213h,1h,4213h,1h
Match,4214h,1Ah,4214h,1Ah
Difference,422Eh,1h,422Eh,1h
Match,422Fh,1Ah,422Fh,1Ah
Difference,4249h,1h,4249h,1h
Match,424Ah,14h,424Ah,14h
Difference,425Eh,1h,425Eh,1h
Match,425Fh,4h,425Fh,4h
Difference,4263h,1h,4263h,1h
Match,4264h,1Eh,4264h,1Eh
Difference,4282h,1h,4282h,1h
Match,4283h,1A0h,4283h,1A0h
Difference,4423h,1h,4423h,1h
Match,4424h,27h,4424h,27h
Difference,444Bh,1h,444Bh,1h
Match,444Ch,977h,444Ch,977h
Difference,4DC3h,1h,4DC3h,1h
Match,4DC4h,100h,4DC4h,100h
Difference,4EC4h,1h,4EC4h,1h
Match,4EC5h,6Bh,4EC5h,6Bh
Difference,4F30h,1h,4F30h,1h
Match,4F31h,58h,4F31h,58h
Difference,4F89h,1h,4F89h,1h
Match,4F8Ah,C1h,4F8Ah,C1h
Difference,504Bh,1h,504Bh,1h
Match,504Ch,32h,504Ch,32h
Difference,507Eh,1h,507Eh,1h
Match,507Fh,32h,507Fh,32h
Difference,50B1h,1h,50B1h,1h
Match,50B2h,1D4h,50B2h,1D4h
Difference,5286h,1h,5286h,1h
Match,5287h,Fh,5287h,Fh
Difference,5296h,1h,5296h,1h
Match,5297h,1044h,5297h,1044h
Difference,62DBh,1h,62DBh,1h
Match,62DCh,81h,62DCh,81h
Difference,635Dh,1h,635Dh,1h
Match,635Eh,156h,635Eh,156h
Difference,64B4h,1h,64B4h,1h
Match,64B5h,85h,64B5h,85h
Difference,653Ah,1h,653Ah,1h
Match,653Bh,25h,653Bh,25h
Difference,6560h,1h,6560h,1h
Match,6561h,15Eh,6561h,15Eh
Difference,66BFh,1h,66BFh,1h
Match,66C0h,79h,66C0h,79h
Difference,6739h,1h,6739h,1h
Match,673Ah,E1h,673Ah,E1h
Difference,681Bh,1h,681Bh,1h
Match,681Ch,B7h,681Ch,B7h
Difference,68D3h,1h,68D3h,1h
Match,68D4h,1BAh,68D4h,1BAh
Difference,6A8Eh,1h,6A8Eh,1h
Match,6A8Fh,164h,6A8Fh,164h
Difference,6BF3h,1h,6BF3h,1h
Match,6BF4h,24h,6BF4h,24h
Difference,6C18h,1h,6C18h,1h
Match,6C19h,4B0h,6C19h,4B0h
Difference,70C9h,1h,70C9h,1h
Match,70CAh,Eh,70CAh,Eh
Difference,70D8h,1h,70D8h,1h
Match,70D9h,21h,70D9h,21h
Difference,70FAh,1h,70FAh,1h
Match,70FBh,21h,70FBh,21h
Difference,711Ch,1h,711Ch,1h
Match,711Dh,21h,711Dh,21h
Difference,713Eh,1h,713Eh,1h
Match,713Fh,21h,713Fh,21h
Difference,7160h,1h,7160h,1h
Match,7161h,21h,7161h,21h
Difference,7182h,1h,7182h,1h
Match,7183h,21h,7183h,21h
Difference,71A4h,1h,71A4h,1h
Match,71A5h,684h,71A5h,684h
Difference,7829h,1h,7829h,1h
Match,782Ah,51Dh,782Ah,51Dh
Difference,7D47h,1h,7D47h,1h
Match,7D48h,2Ah,7D48h,2Ah
Difference,7D72h,1h,7D72h,1h
Match,7D73h,25h,7D73h,25h
Difference,7D98h,1h,7D98h,1h
Match,7D99h,18h,7D99h,18h
Difference,7DB1h,1h,7DB1h,1h
Match,7DB2h,23h,7DB2h,23h
Difference,7DD5h,1h,7DD5h,1h
Match,7DD6h,1Ah,7DD6h,1Ah
Difference,7DF0h,1h,7DF0h,1h
Match,7DF1h,79D7h,7DF1h,79D7h
Difference,F7C8h,1h,F7C8h,1h
Match,F7C9h,17h,F7C9h,17h
Difference,F7E0h,1h,F7E0h,1h
Match,F7E1h,12h,F7E1h,12h
Difference,F7F3h,1h,F7F3h,1h
Match,F7F4h,Bh,F7F4h,Bh
Difference,F7FFh,1h,F7FFh,1h
Match,F800h,Dh,F800h,Dh
Difference,F80Dh,1h,F80Dh,1h
Match,F80Eh,Dh,F80Eh,Dh
Difference,F81Bh,1h,F81Bh,1h
Match,F81Ch,8h,F81Ch,8h
Difference,F824h,1h,F824h,1h
Match,F825h,6h,F825h,6h
Difference,F82Bh,1h,F82Bh,1h
Match,F82Ch,10h,F82Ch,10h
Difference,F83Ch,1h,F83Ch,1h
Match,F83Dh,38h,F83Dh,38h
Difference,F875h,1h,F875h,1h
Match,F876h,1Eh,F876h,1Eh
Difference,F894h,1h,F894h,1h
Match,F895h,5h,F895h,5h
Difference,F89Ah,1h,F89Ah,1h
Match,F89Bh,Fh,F89Bh,Fh
Difference,F8AAh,1h,F8AAh,1h
Match,F8ABh,Fh,F8ABh,Fh
Difference,F8BAh,1h,F8BAh,1h
Match,F8BBh,Fh,F8BBh,Fh
Difference,F8CAh,1h,F8CAh,1h
Match,F8CBh,Bh,F8CBh,Bh
Difference,F8D6h,1h,F8D6h,1h
Match,F8D7h,Dh,F8D7h,Dh
Difference,F8E4h,1h,F8E4h,1h
Match,F8E5h,14h,F8E5h,14h
Difference,F8F9h,1h,F8F9h,1h
Match,F8FAh,8h,F8FAh,8h
Difference,F902h,1h,F902h,1h
Match,F903h,7h,F903h,7h
Difference,F90Ah,1h,F90Ah,1h
Match,F90Bh,6h,F90Bh,6h
Difference,F911h,1h,F911h,1h
Match,F912h,11h,F912h,11h
Difference,F923h,1h,F923h,1h
Match,F924h,53h,F924h,53h
Difference,F977h,1h,F977h,1h
Match,F978h,27h,F978h,27h
Difference,F99Fh,1h,F99Fh,1h
Match,F9A0h,3Fh,F9A0h,3Fh
Difference,F9DFh,1h,F9DFh,1h
Match,F9E0h,68h,F9E0h,68h
Difference,FA48h,1h,FA48h,1h
Match,FA49h,80h,FA49h,80h
Difference,FAC9h,1h,FAC9h,1h
Match,FACAh,39BAh,FACAh,39BAh
Difference,13484h,1h,13484h,1h
Match,13485h,5h,13485h,5h
Difference,1348Ah,1h,1348Ah,1h
Match,1348Bh,13h,1348Bh,13h
Difference,1349Eh,1h,1349Eh,1h
Match,1349Fh,12h,1349Fh,12h
Difference,134B1h,1h,134B1h,1h
Match,134B2h,Bh,134B2h,Bh
Difference,134BDh,1h,134BDh,1h
Match,134BEh,Dh,134BEh,Dh
Difference,134CBh,1h,134CBh,1h
Match,134CCh,11h,134CCh,11h
Difference,134DDh,1h,134DDh,1h
Match,134DEh,12h,134DEh,12h
Difference,134F0h,1h,134F0h,1h
Match,134F1h,7h,134F1h,7h
Difference,134F8h,1h,134F8h,1h
Match,134F9h,6h,134F9h,6h
Difference,134FFh,1h,134FFh,1h
Match,13500h,11h,13500h,11h
Difference,13511h,1h,13511h,1h
Match,13512h,1Ah,13512h,1Ah
Difference,1352Ch,1h,1352Ch,1h
Match,1352Dh,2Bh,1352Dh,2Bh
Difference,13558h,1h,13558h,1h
Match,13559h,2Bh,13559h,2Bh
Difference,13584h,1h,13584h,1h
Match,13585h,1Fh,13585h,1Fh
Difference,135A4h,1h,135A4h,1h
Match,135A5h,2Fh,135A5h,2Fh
Difference,135D4h,1h,135D4h,1h
Match,135D5h,4h,135D5h,4h
Difference,135D9h,1h,135D9h,1h
Match,135DAh,4Dh,135DAh,4Dh
Difference,13627h,1h,13627h,1h
Match,13628h,5h,13628h,5h
Difference,1362Dh,1h,1362Dh,1h
Match,1362Eh,Fh,1362Eh,Fh
Difference,1363Dh,1h,1363Dh,1h
Match,1363Eh,Fh,1363Eh,Fh
Difference,1364Dh,1h,1364Dh,1h
Match,1364Eh,Bh,1364Eh,Bh
Difference,13659h,1h,13659h,1h
Match,1365Ah,Dh,1365Ah,Dh
Difference,13667h,1h,13667h,1h
Match,13668h,11h,13668h,11h
Difference,13679h,1h,13679h,1h
Match,1367Ah,5h,1367Ah,5h
Difference,1367Fh,1h,1367Fh,1h
Match,13680h,7h,13680h,7h
Difference,13687h,1h,13687h,1h
Match,13688h,6h,13688h,6h
Difference,1368Eh,1h,1368Eh,1h
Match,1368Fh,11h,1368Fh,11h
Difference,136A0h,1h,136A0h,1h
Match,136A1h,23h,136A1h,23h
Difference,136C4h,1h,136C4h,1h
Match,136C5h,1Ah,136C5h,1Ah
Difference,136DFh,1h,136DFh,1h
Match,136E0h,1Bh,136E0h,1Bh
Difference,136FBh,1h,136FBh,1h
Match,136FCh,1Fh,136FCh,1Fh
Difference,1371Bh,1h,1371Bh,1h
Match,1371Ch,19h,1371Ch,19h
Difference,13735h,1h,13735h,1h
Match,13736h,84h,13736h,84h
Difference,137BAh,1h,137BAh,1h
Match,137BBh,12h,137BBh,12h
Difference,137CDh,1h,137CDh,1h
Match,137CEh,12h,137CEh,12h
Difference,137E0h,1h,137E0h,1h
Match,137E1h,F8h,137E1h,F8h
Difference,138D9h,1h,138D9h,1h
Match,138DAh,1Ah,138DAh,1Ah
Difference,138F4h,1h,138F4h,1h
Match,138F5h,Ch,138F5h,Ch
Difference,13901h,1h,13901h,1h
Match,13902h,7Fh,13902h,7Fh
Difference,13981h,1h,13981h,1h
Match,13982h,Bh,13982h,Bh
Difference,1398Dh,1h,1398Dh,1h
Match,1398Eh,992Eh,1398Eh,992Eh
Difference,1D2BCh,1h,1D2BCh,1h
Match,1D2BDh,7h,1D2BDh,7h
Difference,1D2C4h,1h,1D2C4h,1h
Match,1D2C5h,6h,1D2C5h,6h
Difference,1D2CBh,1h,1D2CBh,1h
Match,1D2CCh,A7h,1D2CCh,A7h
Difference,1D373h,1h,1D373h,1h
Match,1D374h,2h,1D374h,2h
Difference,1D376h,1h,1D376h,1h
Match,1D377h,7h,1D377h,7h
Difference,1D37Eh,1h,1D37Eh,1h
Match,1D37Fh,6h,1D37Fh,6h
Difference,1D385h,1h,1D385h,1h
Match,1D386h,Ch,1D386h,Ch
Difference,1D392h,1h,1D392h,1h
Match,1D393h,Ch,1D393h,Ch
Difference,1D39Fh,1h,1D39Fh,1h
Match,1D3A0h,Ch,1D3A0h,Ch
Difference,1D3ACh,1h,1D3ACh,1h
Match,1D3ADh,Ch,1D3ADh,Ch
Difference,1D3B9h,1h,1D3B9h,1h
Match,1D3BAh,Ch,1D3BAh,Ch
Difference,1D3C6h,1h,1D3C6h,1h
Match,1D3C7h,Ch,1D3C7h,Ch
Difference,1D3D3h,1h,1D3D3h,1h
Match,1D3D4h,Ch,1D3D4h,Ch
Difference,1D3E0h,1h,1D3E0h,1h
Match,1D3E1h,Ch,1D3E1h,Ch
Difference,1D3EDh,1h,1D3EDh,1h
Match,1D3EEh,Ch,1D3EEh,Ch
Difference,1D3FAh,1h,1D3FAh,1h
Match,1D3FBh,Ch,1D3FBh,Ch
Difference,1D407h,1h,1D407h,1h
Match,1D408h,Ch,1D408h,Ch
Difference,1D414h,1h,1D414h,1h
Match,1D415h,Ch,1D415h,Ch
Difference,1D421h,1h,1D421h,1h
Match,1D422h,Ch,1D422h,Ch
Difference,1D42Eh,1h,1D42Eh,1h
Match,1D42Fh,Ch,1D42Fh,Ch
Difference,1D43Bh,1h,1D43Bh,1h
Match,1D43Ch,56h,1D43Ch,56h
Difference,1D492h,1h,1D492h,1h
Match,1D493h,Dh,1D493h,Dh
Difference,1D4A0h,1h,1D4A0h,1h
Match,1D4A1h,87h,1D4A1h,87h
Difference,1D528h,1h,1D528h,1h
Match,1D529h,Dh,1D529h,Dh
Difference,1D536h,1h,1D536h,1h
Match,1D537h,Dh,1D537h,Dh
Difference,1D544h,1h,1D544h,1h
Match,1D545h,71h,1D545h,71h
Difference,1D5B6h,1h,1D5B6h,1h
Match,1D5B7h,Dh,1D5B7h,Dh
Difference,1D5C4h,1h,1D5C4h,1h
Match,1D5C5h,87h,1D5C5h,87h
Difference,1D64Ch,1h,1D64Ch,1h
Match,1D64Dh,Dh,1D64Dh,Dh
Difference,1D65Ah,1h,1D65Ah,1h
Match,1D65Bh,6Dh,1D65Bh,6Dh
Difference,1D6C8h,1h,1D6C8h,1h
Match,1D6C9h,Dh,1D6C9h,Dh
Difference,1D6D6h,1h,1D6D6h,1h
Match,1D6D7h,87h,1D6D7h,87h
Difference,1D75Eh,1h,1D75Eh,1h
Match,1D75Fh,Dh,1D75Fh,Dh
Difference,1D76Ch,1h,1D76Ch,1h
Match,1D76Dh,6Dh,1D76Dh,6Dh
Difference,1D7DAh,1h,1D7DAh,1h
Match,1D7DBh,Dh,1D7DBh,Dh
Difference,1D7E8h,1h,1D7E8h,1h
Match,1D7E9h,6Dh,1D7E9h,6Dh
Difference,1D856h,1h,1D856h,1h
Match,1D857h,Dh,1D857h,Dh
Difference,1D864h,1h,1D864h,1h
Match,1D865h,6Dh,1D865h,6Dh
Difference,1D8D2h,1h,1D8D2h,1h
Match,1D8D3h,Dh,1D8D3h,Dh
Difference,1D8E0h,1h,1D8E0h,1h
Match,1D8E1h,87h,1D8E1h,87h
Difference,1D968h,1h,1D968h,1h
Match,1D969h,Dh,1D969h,Dh
Difference,1D976h,1h,1D976h,1h
Match,1D977h,Dh,1D977h,Dh
Difference,1D984h,1h,1D984h,1h
Match,1D985h,71h,1D985h,71h
Difference,1D9F6h,1h,1D9F6h,1h
Match,1D9F7h,87h,1D9F7h,87h
Difference,1DA7Eh,1h,1DA7Eh,1h
Match,1DA7Fh,Dh,1DA7Fh,Dh
Difference,1DA8Ch,1h,1DA8Ch,1h
Match,1DA8Dh,Dh,1DA8Dh,Dh
Difference,1DA9Ah,1h,1DA9Ah,1h
Match,1DA9Bh,8Bh,1DA9Bh,8Bh
Difference,1DB26h,1h,1DB26h,1h
Match,1DB27h,Dh,1DB27h,Dh
Difference,1DB34h,1h,1DB34h,1h
Match,1DB35h,A1h,1DB35h,A1h
Difference,1DBD6h,1h,1DBD6h,1h
Match,1DBD7h,Dh,1DBD7h,Dh
Difference,1DBE4h,1h,1DBE4h,1h
Match,1DBE5h,Dh,1DBE5h,Dh
Difference,1DBF2h,1h,1DBF2h,1h
Match,1DBF3h,57h,1DBF3h,57h
Difference,1DC4Ah,1h,1DC4Ah,1h
Match,1DC4Bh,Dh,1DC4Bh,Dh
Difference,1DC58h,1h,1DC58h,1h
Match,1DC59h,68Fh,1DC59h,68Fh
Difference,1E2E8h,1h,1E2E8h,1h
Match,1E2E9h,14h,1E2E9h,14h
Difference,1E2FDh,1h,1E2FDh,1h
Match,1E2FEh,7Bh,1E2FEh,7Bh
Difference,1E379h,1h,1E379h,1h
Match,1E37Ah,ABh,1E37Ah,ABh
Difference,1E425h,1h,1E425h,1h
Match,1E426h,Dh,1E426h,Dh
Difference,1E433h,1h,1E433h,1h
Match,1E434h,5Ah,1E434h,5Ah
Difference,1E48Eh,1h,1E48Eh,1h
Match,1E48Fh,1B83h,1E48Fh,1B83h
Difference,20012h,1h,20012h,1h
Match,20013h,5h,20013h,5h
Difference,20018h,1h,20018h,1h
Match,20019h,Fh,20019h,Fh
Difference,20028h,1h,20028h,1h
Match,20029h,Fh,20029h,Fh
Difference,20038h,1h,20038h,1h
Match,20039h,Fh,20039h,Fh
Difference,20048h,1h,20048h,1h
Match,20049h,11h,20049h,11h
Difference,2005Ah,1h,2005Ah,1h
Match,2005Bh,Dh,2005Bh,Dh
Difference,20068h,1h,20068h,1h
Match,20069h,Dh,20069h,Dh
Difference,20076h,1h,20076h,1h
Match,20077h,Dh,20077h,Dh
Difference,20084h,1h,20084h,1h
Match,20085h,11h,20085h,11h
Difference,20096h,1h,20096h,1h
Match,20097h,Dh,20097h,Dh
Difference,200A4h,1h,200A4h,1h
Match,200A5h,12h,200A5h,12h
Difference,200B7h,1h,200B7h,1h
Match,200B8h,7h,200B8h,7h
Difference,200BFh,1h,200BFh,1h
Match,200C0h,6h,200C0h,6h
Difference,200C6h,1h,200C6h,1h
Match,200C7h,11h,200C7h,11h
Difference,200D8h,1h,200D8h,1h
Match,200D9h,43h,200D9h,43h
Difference,2011Ch,1h,2011Ch,1h
Match,2011Dh,Fh,2011Dh,Fh
Difference,2012Ch,1h,2012Ch,1h
Match,2012Dh,11h,2012Dh,11h
Difference,2013Eh,1h,2013Eh,1h
Match,2013Fh,1Fh,2013Fh,1Fh
Difference,2015Eh,1h,2015Eh,1h
Match,2015Fh,4h,2015Fh,4h
Difference,20163h,1h,20163h,1h
Match,20164h,4Dh,20164h,4Dh
Difference,201B1h,1h,201B1h,1h
Match,201B2h,18h,201B2h,18h
Difference,201CAh,1h,201CAh,1h
Match,201CBh,Bh,201CBh,Bh
Difference,201D6h,1h,201D6h,1h
Match,201D7h,16Dh,201D7h,16Dh
Difference,20344h,1h,20344h,1h
Match,20345h,A2h,20345h,A2h
Difference,203E7h,1h,203E7h,1h
Match,203E8h,5h,203E8h,5h
Difference,203EDh,1h,203EDh,1h
Match,203EEh,Fh,203EEh,Fh
Difference,203FDh,1h,203FDh,1h
Match,203FEh,Bh,203FEh,Bh
Difference,20409h,1h,20409h,1h
Match,2040Ah,10h,2040Ah,10h
Difference,2041Ah,1h,2041Ah,1h
Match,2041Bh,Dh,2041Bh,Dh
Difference,20428h,1h,20428h,1h
Match,20429h,Dh,20429h,Dh
Difference,20436h,1h,20436h,1h
Match,20437h,Dh,20437h,Dh
Difference,20444h,1h,20444h,1h
Match,20445h,Dh,20445h,Dh
Difference,20452h,1h,20452h,1h
Match,20453h,Dh,20453h,Dh
Difference,20460h,1h,20460h,1h
Match,20461h,Dh,20461h,Dh
Difference,2046Eh,1h,2046Eh,1h
Match,2046Fh,Dh,2046Fh,Dh
Difference,2047Ch,1h,2047Ch,1h
Match,2047Dh,2h,2047Dh,2h
Difference,2047Fh,1h,2047Fh,1h
Match,20480h,8h,20480h,8h
Difference,20488h,1h,20488h,1h
Match,20489h,55h,20489h,55h
Difference,204DEh,1h,204DEh,1h
Match,204DFh,Ch,204DFh,Ch
Difference,204EBh,1h,204EBh,1h
Match,204ECh,2h,204ECh,2h
Difference,204EEh,1h,204EEh,1h
Match,204EFh,3BF7h,204EFh,3BF7h
Difference,240E6h,1h,240E6h,1h
Match,240E7h,119h,240E7h,119h
Difference,24200h,1h,24200h,1h
Match,24201h,1C4h,24201h,1C4h
Difference,243C5h,1h,243C5h,1h
Match,243C6h,90h,243C6h,90h
Difference,24456h,1h,24456h,1h
Match,24457h,DFh,24457h,DFh
Difference,24536h,1h,24536h,1h
Match,24537h,7077h,24537h,7077h
Difference,2B5AEh,1h,2B5AEh,1h
Match,2B5AFh,5h,2B5AFh,5h
Difference,2B5B4h,1h,2B5B4h,1h
Match,2B5B5h,6h,2B5B5h,6h
Difference,2B5BBh,1h,2B5BBh,1h
Match,2B5BCh,12h,2B5BCh,12h
Difference,2B5CEh,1h,2B5CEh,1h
Match,2B5CFh,Fh,2B5CFh,Fh
Difference,2B5DEh,1h,2B5DEh,1h
Match,2B5DFh,Bh,2B5DFh,Bh
Difference,2B5EAh,1h,2B5EAh,1h
Match,2B5EBh,19h,2B5EBh,19h
Difference,2B604h,1h,2B604h,1h
Match,2B605h,3Dh,2B605h,3Dh
Difference,2B642h,1h,2B642h,1h
Match,2B643h,1Eh,2B643h,1Eh
Difference,2B661h,1h,2B661h,1h
Match,2B662h,17h,2B662h,17h
Difference,2B679h,1h,2B679h,1h
Match,2B67Ah,7h,2B67Ah,7h
Difference,2B681h,1h,2B681h,1h
Match,2B682h,6h,2B682h,6h
Difference,2B688h,1h,2B688h,1h
Match,2B689h,11h,2B689h,11h
Difference,2B69Ah,1h,2B69Ah,1h
Match,2B69Bh,93h,2B69Bh,93h
Difference,2B72Eh,1h,2B72Eh,1h
Match,2B72Fh,25h,2B72Fh,25h
Difference,2B754h,1h,2B754h,1h
Match,2B755h,110h,2B755h,110h
Difference,2B865h,1h,2B865h,1h
Match,2B866h,5h,2B866h,5h
Difference,2B86Bh,1h,2B86Bh,1h
Match,2B86Ch,Ch,2B86Ch,Ch
Difference,2B878h,1h,2B878h,1h
Match,2B879h,12h,2B879h,12h
Difference,2B88Bh,1h,2B88Bh,1h
Match,2B88Ch,Fh,2B88Ch,Fh
Difference,2B89Bh,1h,2B89Bh,1h
Match,2B89Ch,Bh,2B89Ch,Bh
Difference,2B8A7h,1h,2B8A7h,1h
Match,2B8A8h,1Ch,2B8A8h,1Ch
Difference,2B8C4h,1h,2B8C4h,1h
Match,2B8C5h,4Bh,2B8C5h,4Bh
Difference,2B910h,1h,2B910h,1h
Match,2B911h,2Ah,2B911h,2Ah
Difference,2B93Bh,1h,2B93Bh,1h
Match,2B93Ch,Bh,2B93Ch,Bh
Difference,2B947h,1h,2B947h,1h
Match,2B948h,7h,2B948h,7h
Difference,2B94Fh,1h,2B94Fh,1h
Match,2B950h,6h,2B950h,6h
Difference,2B956h,1h,2B956h,1h
Match,2B957h,11h,2B957h,11h
Difference,2B968h,1h,2B968h,1h
Match,2B969h,96h,2B969h,96h
Difference,2B9FFh,1h,2B9FFh,1h
Match,2BA00h,39h,2BA00h,39h
Difference,2BA39h,1h,2BA39h,1h
Match,2BA3Ah,Bh,2BA3Ah,Bh
Difference,2BA45h,1h,2BA45h,1h
Match,2BA46h,18h,2BA46h,18h
Difference,2BA5Eh,1h,2BA5Eh,1h
Match,2BA5Fh,11h,2BA5Fh,11h
Difference,2BA70h,1h,2BA70h,1h
Match,2BA71h,5Eh,2BA71h,5Eh
Difference,2BACFh,1h,2BACFh,1h
Match,2BAD0h,12h,2BAD0h,12h
Difference,2BAE2h,1h,2BAE2h,1h
Match,2BAE3h,50h,2BAE3h,50h
Difference,2BB33h,1h,2BB33h,1h
Match,2BB34h,1Fh,2BB34h,1Fh
Difference,2BB53h,1h,2BB53h,1h
Match,2BB54h,307h,2BB54h,307h
Difference,2BE5Bh,1h,2BE5Bh,1h
Match,2BE5Ch,53h,2BE5Ch,53h
Difference,2BEAFh,1h,2BEAFh,1h
Match,2BEB0h,6h,2BEB0h,6h
Difference,2BEB6h,1h,2BEB6h,1h
Match,2BEB7h,10165h,2BEB7h,10165h
Difference,3C01Ch,1h,3C01Ch,1h
Match,3C01Dh,5h,3C01Dh,5h
Difference,3C022h,1h,3C022h,1h
Match,3C023h,12h,3C023h,12h
Difference,3C035h,1h,3C035h,1h
Match,3C036h,Fh,3C036h,Fh
Difference,3C045h,1h,3C045h,1h
Match,3C046h,Fh,3C046h,Fh
Difference,3C055h,1h,3C055h,1h
Match,3C056h,Bh,3C056h,Bh
Difference,3C061h,1h,3C061h,1h
Match,3C062h,25h,3C062h,25h
Difference,3C087h,1h,3C087h,1h
Match,3C088h,Fh,3C088h,Fh
Difference,3C097h,1h,3C097h,1h
Match,3C098h,6h,3C098h,6h
Difference,3C09Eh,1h,3C09Eh,1h
Match,3C09Fh,5h,3C09Fh,5h
Difference,3C0A4h,1h,3C0A4h,1h
Match,3C0A5h,7h,3C0A5h,7h
Difference,3C0ACh,1h,3C0ACh,1h
Match,3C0ADh,6h,3C0ADh,6h
Difference,3C0B3h,1h,3C0B3h,1h
Match,3C0B4h,11h,3C0B4h,11h
Difference,3C0C5h,1h,3C0C5h,1h
Match,3C0C6h,5Ah,3C0C6h,5Ah
Difference,3C120h,1h,3C120h,1h
Match,3C121h,4h,3C121h,4h
Difference,3C125h,1h,3C125h,1h
Match,3C126h,2h,3C126h,2h
Difference,3C128h,1h,3C128h,1h
Match,3C129h,2Fh,3C129h,2Fh
Difference,3C158h,1h,3C158h,1h
Match,3C159h,37h,3C159h,37h
Difference,3C190h,1h,3C190h,1h
Match,3C191h,39h,3C191h,39h
Difference,3C1CAh,1h,3C1CAh,1h
Match,3C1CBh,45h,3C1CBh,45h
Difference,3C210h,1h,3C210h,1h
Match,3C211h,1Dh,3C211h,1Dh
Difference,3C22Eh,1h,3C22Eh,1h
Match,3C22Fh,ACh,3C22Fh,ACh
Difference,3C2DBh,1h,3C2DBh,1h
Match,3C2DCh,B5h,3C2DCh,B5h
Difference,3C391h,1h,3C391h,1h
Match,3C392h,21h,3C392h,21h
Difference,3C3B3h,1h,3C3B3h,1h
Match,3C3B4h,22Dh,3C3B4h,22Dh
Difference,3C5E1h,1h,3C5E1h,1h
Match,3C5E2h,A4h,3C5E2h,A4h
Difference,3C686h,1h,3C686h,1h
Match,3C687h,14h,3C687h,14h
Difference,3C69Bh,1h,3C69Bh,1h
Match,3C69Ch,3Bh,3C69Ch,3Bh
Difference,3C6D7h,1h,3C6D7h,1h
Match,3C6D8h,49h,3C6D8h,49h
Difference,3C721h,1h,3C721h,1h
Match,3C722h,19h,3C722h,19h
Difference,3C73Bh,1h,3C73Bh,1h
Match,3C73Ch,17177h,3C73Ch,17177h
Difference,538B3h,1h,538B3h,1h
Match,538B4h,5h,538B4h,5h
Difference,538B9h,1h,538B9h,1h
Match,538BAh,Fh,538BAh,Fh
Difference,538C9h,1h,538C9h,1h
Match,538CAh,Fh,538CAh,Fh
Difference,538D9h,1h,538D9h,1h
Match,538DAh,Fh,538DAh,Fh
Difference,538E9h,1h,538E9h,1h
Match,538EAh,Dh,538EAh,Dh
Difference,538F7h,1h,538F7h,1h
Match,538F8h,2Fh,538F8h,2Fh
Difference,53927h,1h,53927h,1h
Match,53928h,A6h,53928h,A6h
Difference,539CEh,1h,539CEh,1h
Match,539CFh,19h,539CFh,19h
Difference,539E8h,1h,539E8h,1h
Match,539E9h,3Eh,539E9h,3Eh
Difference,53A27h,1h,53A27h,1h
Match,53A28h,68h,53A28h,68h
Difference,53A90h,1h,53A90h,1h
Match,53A91h,2Bh,53A91h,2Bh
Difference,53ABCh,1h,53ABCh,1h
Match,53ABDh,3Ch,53ABDh,3Ch
Difference,53AF9h,1h,53AF9h,1h
Match,53AFAh,29h,53AFAh,29h
Difference,53B23h,1h,53B23h,1h
Match,53B24h,21h,53B24h,21h
Difference,53B45h,1h,53B45h,1h
Match,53B46h,3Bh,53B46h,3Bh
Difference,53B81h,1h,53B81h,1h
Match,53B82h,82h,53B82h,82h
Difference,53C04h,1h,53C04h,1h
Match,53C05h,2C3FBh,53C05h,2C3FBh
Only in A,80000h,80000h,,
